Workbook

Sheet 专业练级
A1: 战斗练级
A2: 专业 | B2: 目标等级 | C2: 当前等级 | D2: 实际经验 | E2: 小时经验(K) | F2: 升级所需经验 | G2: 总时间(小时) | H2: 总时间(天) | I2: 升级顺序 | J2: 预计升级时间 | K2: EPH | L2: 总次数
A3: 近战 | B3: 85 | C3: 76 | D3: 0.1718 | E3: 238 | F3: =(VLOOKUP(IF(B3>200,200,B3),专业经验表!$A$2:$C$201,2,FALSE)-VLOOKUP(C3,专业经验表!$A$2:$C$201,2,FALSE)-VLOOKUP(C3,专业经验表!$A$2:$C$201,3,FALSE)*D3) -> 1481897.1 | G3: =F3/$E3/1000 -> 6.2264585 | H3: =G3/24 -> 0.25943577 | I3: 1 | J3: =IFERROR(VLOOKUP(I3-1,I$3:J$7,2,FALSE),NOW())+MAX(0,F3/E3/1000*3600)/86400 -> 46230.236 | K3: 403 | L3: =ROUND(G3*K3,0) -> 2509
A4: 近战 | B4: 85 | C4: 51 | D4: 0.2441 | E4: 240 | F4: =(VLOOKUP(IF(B4>200,200,B4),专业经验表!$A$2:$C$201,2,FALSE)-VLOOKUP(C4,专业经验表!$A$2:$C$201,2,FALSE)-VLOOKUP(C4,专业经验表!$A$2:$C$201,3,FALSE)*D4) -> 2565270.1 | G4: =F4/$E4/1000 -> 10.688625 | H4: =G4/24 -> 0.44535939 | I4: 3 | J4: =IFERROR(VLOOKUP(I4-1,I$3:J$7,2,FALSE),NOW())+MAX(0,F4/E4/1000*3600)/86400 -> 46231.18 | K4: 403 | L4: =ROUND(G4*K4,0) -> 4308
A5: 远程 | B5: 85 | C5: 1 | D5: 0 | E5: 223 | F5: =(VLOOKUP(IF(B5>200,200,B5),专业经验表!$A$2:$C$201,2,FALSE)-VLOOKUP(C5,专业经验表!$A$2:$C$201,2,FALSE)-VLOOKUP(C5,专业经验表!$A$2:$C$201,3,FALSE)*D5) -> 2671127 | G5: =F5/$E5/1000 -> 11.978148 | H5: =G5/24 -> 0.4990895 | I5: 2 | J5: =IFERROR(VLOOKUP(I5-1,I$3:J$7,2,FALSE),NOW())+MAX(0,F5/E5/1000*3600)/86400 -> 46230.735 | K5: 403 | L5: =ROUND(G5*K5,0) -> 4827
A6: 防御 | B6: 127 | C6: 121 | D6: 0.0456 | E6: 190 | F6: =(VLOOKUP(IF(B6>200,200,B6),专业经验表!$A$2:$C$201,2,FALSE)-VLOOKUP(C6,专业经验表!$A$2:$C$201,2,FALSE)-VLOOKUP(C6,专业经验表!$A$2:$C$201,3,FALSE)*D6) -> 55908424 | G6: =F6/$E6/1000 -> 294.25486 | H6: =G6/24 -> 12.260619 | I6: 4 | J6: =IFERROR(VLOOKUP(I6-1,I$3:J$7,2,FALSE),NOW())+MAX(0,F6/E6/1000*3600)/86400 -> 46243.441 | K6: 403 | L6: =ROUND(G6*K6,0) -> 118585
A7: 魔法 | B7: 85 | C7: 75 | D7: 0.8399 | E7: 238 | F7: =(VLOOKUP(IF(B7>200,200,B7),专业经验表!$A$2:$C$201,2,FALSE)-VLOOKUP(C7,专业经验表!$A$2:$C$201,2,FALSE)-VLOOKUP(C7,专业经验表!$A$2:$C$201,3,FALSE)*D7) -> 1518189.5 | G7: =F7/$E7/1000 -> 6.3789477 | H7: =G7/24 -> 0.26578949 | I7: 1 | J7: =IFERROR(VLOOKUP(I7-1,I$3:J$7,2,FALSE),NOW())+MAX(0,F7/E7/1000*3600)/86400 -> 46230.242 | K7: 403 | L7: =ROUND(G7*K7,0) -> 2571
A10: 技能造价表
A11: 对象 | B11: 技能 | C11: 技能书经验 | D11: 当前等级 | E11: 目标等级 | F11: 当前经验 | G11: 升级所需经验 | H11: 需要数量 | I11: 左一价格(K) | J11: 右一价格(K) | K11: 左一总价(K) | L11: 右一总价(K)
A12: 模板 | B12: 模板 | C12: 500 | D12: 10 | E12: 10 | F12: =VLOOKUP(IF(D12>200,200,D12),专业经验表!$A$2:$B$201,2,FALSE) -> 791 | G12: =VLOOKUP(IF(E12>200,200,E12),专业经验表!$A$2:$B$201,2,FALSE)-F12 -> 0 | H12: =CEILING(MAX(0,G12)/C12+IF(D12=0,1,0),0.1) -> 0 | I12: 2.4 | J12: 2.35 | K12: =I12*CEILING($H12,1) -> 0 | L12: =J12*CEILING($H12,1) -> 0
A13: 锤 | B13: 物理光环 | C13: 500 | D13: 1 | E13: 10 | F13: =VLOOKUP(IF(D13>200,200,D13),专业经验表!$A$2:$B$201,2,FALSE) -> 0 | G13: =VLOOKUP(IF(E13>200,200,E13),专业经验表!$A$2:$B$201,2,FALSE)-F13 -> 791 | H13: =CEILING(MAX(0,G13)/C13+IF(D13=0,1,0),0.1) -> 1.6 | I13: 2650 | J13: 2600 | K13: =I13*CEILING($H13,1) -> 5300 | L13: =J13*CEILING($H13,1) -> 5200
B14: 狂速 | C14: 500 | D14: 10 | E14: 30 | F14: =VLOOKUP(IF(D14>200,200,D14),专业经验表!$A$2:$B$201,2,FALSE) -> 791 | G14: =VLOOKUP(IF(E14>200,200,E14),专业经验表!$A$2:$B$201,2,FALSE)-F14 -> 11023 | H14: =CEILING(MAX(0,G14)/C14+IF(D14=0,1,0),0.1) -> 22.1 | I14: 500 | J14: 480 | K14: =I14*CEILING($H14,1) -> 11500 | L14: =J14*CEILING($H14,1) -> 11040
B15: 狂暴 | C15: 500 | D15: 1 | E15: 30 | F15: =VLOOKUP(IF(D15>200,200,D15),专业经验表!$A$2:$B$201,2,FALSE) -> 0 | G15: =VLOOKUP(IF(E15>200,200,E15),专业经验表!$A$2:$B$201,2,FALSE)-F15 -> 11814 | H15: =CEILING(MAX(0,G15)/C15+IF(D15=0,1,0),0.1) -> 23.7 | I15: 210 | J15: 205 | K15: =I15*CEILING($H15,1) -> 5040 | L15: =J15*CEILING($H15,1) -> 4920
B16: 碎裂冲击 | C16: 500 | D16: 1 | E16: 30 | F16: =VLOOKUP(IF(D16>200,200,D16),专业经验表!$A$2:$B$201,2,FALSE) -> 0 | G16: =VLOOKUP(IF(E16>200,200,E16),专业经验表!$A$2:$B$201,2,FALSE)-F16 -> 11814 | H16: =CEILING(MAX(0,G16)/C16+IF(D16=0,1,0),0.1) -> 23.7 | I16: 48 | J16: 47 | K16: =I16*CEILING($H16,1) -> 1152 | L16: =J16*CEILING($H16,1) -> 1128
B17: 重扫 | C17: 500 | D17: 1 | E17: 30 | F17: =VLOOKUP(IF(D17>200,200,D17),专业经验表!$A$2:$B$201,2,FALSE) -> 0 | G17: =VLOOKUP(IF(E17>200,200,E17),专业经验表!$A$2:$B$201,2,FALSE)-F17 -> 11814 | H17: =CEILING(MAX(0,G17)/C17+IF(D17=0,1,0),0.1) -> 23.7 | I17: 39 | J17: 38 | K17: =I17*CEILING($H17,1) -> 936 | L17: =J17*CEILING($H17,1) -> 912
A18: 自然法 | B18: 暴击光环 | C18: 500 | D18: 1 | E18: 40 | F18: =VLOOKUP(IF(D18>200,200,D18),专业经验表!$A$2:$B$201,2,FALSE) -> 0 | G18: =VLOOKUP(IF(E18>200,200,E18),专业经验表!$A$2:$B$201,2,FALSE)-F18 -> 33697 | H18: =CEILING(MAX(0,G18)/C18+IF(D18=0,1,0),0.1) -> 67.4 | I18: 1750 | J18: 1700 | K18: =I18*CEILING($H18,1) -> 119000 | L18: =J18*CEILING($H18,1) -> 115600
B19: 守护光环 | C19: 500 | D19: 8 | E19: 30 | F19: =VLOOKUP(IF(D19>200,200,D19),专业经验表!$A$2:$B$201,2,FALSE) -> 503 | G19: =VLOOKUP(IF(E19>200,200,E19),专业经验表!$A$2:$B$201,2,FALSE)-F19 -> 11311 | H19: =CEILING(MAX(0,G19)/C19+IF(D19=0,1,0),0.1) -> 22.7 | I19: 860 | J19: 840 | K19: =I19*CEILING($H19,1) -> 19780 | L19: =J19*CEILING($H19,1) -> 19320
B20: 元素增幅 | C20: 500 | D20: 1 | E20: 50 | F20: =VLOOKUP(IF(D20>200,200,D20),专业经验表!$A$2:$B$201,2,FALSE) -> 0 | G20: =VLOOKUP(IF(E20>200,200,E20),专业经验表!$A$2:$B$201,2,FALSE)-F20 -> 93311 | H20: =CEILING(MAX(0,G20)/C20+IF(D20=0,1,0),0.1) -> 186.7 | I20: 225 | J20: 220 | K20: =I20*CEILING($H20,1) -> 42075 | L20: =J20*CEILING($H20,1) -> 41140
B21: 快速治疗 | C21: 500 | D21: 36 | E21: 50 | F21: =VLOOKUP(IF(D21>200,200,D21),专业经验表!$A$2:$B$201,2,FALSE) -> 22271 | G21: =VLOOKUP(IF(E21>200,200,E21),专业经验表!$A$2:$B$201,2,FALSE)-F21 -> 71040 | H21: =CEILING(MAX(0,G21)/C21+IF(D21=0,1,0),0.1) -> 142.1 | I21: 130 | J21: 120 | K21: =I21*CEILING($H21,1) -> 18590 | L21: =J21*CEILING($H21,1) -> 17160
B22: 自然菌幕 | C22: 500 | D22: 7 | E22: 40 | F22: =VLOOKUP(IF(D22>200,200,D22),专业经验表!$A$2:$B$201,2,FALSE) -> 386 | G22: =VLOOKUP(IF(E22>200,200,E22),专业经验表!$A$2:$B$201,2,FALSE)-F22 -> 33311 | H22: =CEILING(MAX(0,G22)/C22+IF(D22=0,1,0),0.1) -> 66.7 | I22: 640 | J22: 620 | K22: =I22*CEILING($H22,1) -> 42880 | L22: =J22*CEILING($H22,1) -> 41540
B23: 剧毒粉尘 | C23: 500 | D23: 1 | E23: 50 | F23: =VLOOKUP(IF(D23>200,200,D23),专业经验表!$A$2:$B$201,2,FALSE) -> 0 | G23: =VLOOKUP(IF(E23>200,200,E23),专业经验表!$A$2:$B$201,2,FALSE)-F23 -> 93311 | H23: =CEILING(MAX(0,G23)/C23+IF(D23=0,1,0),0.1) -> 186.7 | I23: 240 | J23: 235 | K23: =I23*CEILING($H23,1) -> 44880 | L23: =J23*CEILING($H23,1) -> 43945
B24: 缠绕 | C24: 50 | D24: 1 | E24: 50 | F24: =VLOOKUP(IF(D24>200,200,D24),专业经验表!$A$2:$B$201,2,FALSE) -> 0 | G24: =VLOOKUP(IF(E24>200,200,E24),专业经验表!$A$2:$B$201,2,FALSE)-F24 -> 93311 | H24: =CEILING(MAX(0,G24)/C24+IF(D24=0,1,0),0.1) -> 1866.3 | I24: 33 | J24: 32 | K24: =I24*CEILING($H24,1) -> 61611 | L24: =J24*CEILING($H24,1) -> 59744

Sheet 专业经验表
A1: 等级 | B1: 总经验 | C1: 升级所需经验
A2: 1 | B2: 0 | C2: =IFERROR(B3-B2,0) -> 33
A3: 2 | B3: 33 | C3: =IFERROR(B4-B3,0) -> 43
A4: 3 | B4: 76 | C4: =IFERROR(B5-B4,0) -> 56
A5: 4 | B5: 132 | C5: =IFERROR(B6-B5,0) -> 70
A6: 5 | B6: 202 | C6: =IFERROR(B7-B6,0) -> 84
A7: 6 | B7: 286 | C7: =IFERROR(B8-B7,0) -> 100
A8: 7 | B8: 386 | C8: =IFERROR(B9-B8,0) -> 117
A9: 8 | B9: 503 | C9: =IFERROR(B10-B9,0) -> 134
A10: 9 | B10: 637 | C10: =IFERROR(B11-B10,0) -> 154
A11: 10 | B11: 791 | C11: =IFERROR(B12-B11,0) -> 173
A12: 11 | B12: 964 | C12: =IFERROR(B13-B12,0) -> 195
A13: 12 | B13: 1159 | C13: =IFERROR(B14-B13,0) -> 218
... A200: 199 | B200: 92125192822 | C200: =IFERROR(B201-B200,0) -> 7874807178
A201: 200 | B201: 100000000000
